{
    "rmse": 0.7046523585259873,
    "mae": 0.5473646330135086,
    "r2": 0.23315066196720224
}